node_id,node_type
Ekonomia [lic] [st]College of Economics and Social Sciences,College of Economics and Social Sciences
Ekonomia [lic] [nst]College of Economics and Social Sciences,College of Economics and Social Sciences
Ekonomia [mgr] [st]College of Economics and Social Sciences,College of Economics and Social Sciences
Ekonomia [mgr] [nst-zaocz.]College of Economics and Social Sciences,College of Economics and Social Sciences
Administracja [lic] [st]Faculty of Administration and Social Science,Faculty of Administration and Social Science
Administracja [lic] [nst]Faculty of Administration and Social Science,Faculty of Administration and Social Science
Administracja [mgr] [st]Faculty of Administration and Social Science,Faculty of Administration and Social Science
Administracja [mgr] [nst]Faculty of Administration and Social Science,Faculty of Administration and Social Science
Architektura [mgr] [st]Faculty of Architecture,Faculty of Architecture
"Budownictwo [inż] [st]Faculty of Civil Engineering, Mechanics and Petrochemistry","Faculty of Civil Engineering, Mechanics and Petrochemistry"
"Inżynieria Środowiska [inż] [st]Faculty of Civil Engineering, Mechanics and Petrochemistry","Faculty of Civil Engineering, Mechanics and Petrochemistry"
"Mechanika i Budowa Maszyn [inż] [st]Faculty of Civil Engineering, Mechanics and Petrochemistry","Faculty of Civil Engineering, Mechanics and Petrochemistry"
"Technologia Chemiczna [inż] [st]Faculty of Civil Engineering, Mechanics and Petrochemistry","Faculty of Civil Engineering, Mechanics and Petrochemistry"
"Budownictwo [inż] [nst-zaocz.]Faculty of Civil Engineering, Mechanics and Petrochemistry","Faculty of Civil Engineering, Mechanics and Petrochemistry"
"Inżynieria Środowiska [inż] [nst-zaocz.]Faculty of Civil Engineering, Mechanics and Petrochemistry","Faculty of Civil Engineering, Mechanics and Petrochemistry"
"Mechanika i Budowa Maszyn [inż] [nst-zaocz.]Faculty of Civil Engineering, Mechanics and Petrochemistry","Faculty of Civil Engineering, Mechanics and Petrochemistry"
"Technologia Chemiczna [inż] [nst-zaocz.]Faculty of Civil Engineering, Mechanics and Petrochemistry","Faculty of Civil Engineering, Mechanics and Petrochemistry"
"Budownictwo [mgr] [st]Faculty of Civil Engineering, Mechanics and Petrochemistry","Faculty of Civil Engineering, Mechanics and Petrochemistry"
"Mechanika i Budowa Maszyn [mgr] [st]Faculty of Civil Engineering, Mechanics and Petrochemistry","Faculty of Civil Engineering, Mechanics and Petrochemistry"
"Technologia Chemiczna [mgr] [st]Faculty of Civil Engineering, Mechanics and Petrochemistry","Faculty of Civil Engineering, Mechanics and Petrochemistry"
"Budownictwo [mgr] [nst-zaocz.]Faculty of Civil Engineering, Mechanics and Petrochemistry","Faculty of Civil Engineering, Mechanics and Petrochemistry"
"Mechanika i Budowa Maszyn [mgr] [nst-zaocz.]Faculty of Civil Engineering, Mechanics and Petrochemistry","Faculty of Civil Engineering, Mechanics and Petrochemistry"
"Technologia Chemiczna [mgr] [nst-zaocz.]Faculty of Civil Engineering, Mechanics and Petrochemistry","Faculty of Civil Engineering, Mechanics and Petrochemistry"
Biotechnologia [inż] [st]Faculty of Chemistry,Faculty of Chemistry
Technologia Chemiczna [inż] [st]Faculty of Chemistry,Faculty of Chemistry
Technologia Chemiczna - profil praktyczny [inż] [st]Faculty of Chemistry,Faculty of Chemistry
Biotechnologia [mgr] [st]Faculty of Chemistry,Faculty of Chemistry
Technologia Chemiczna [mgr] [st]Faculty of Chemistry,Faculty of Chemistry
Elektronika i Telekomunikacja [inż] [nst-zaocz.]Faculty of Electronics and Information Technology,Faculty of Electronics and Information Technology
Informatyka [mgr] [nst-zaocz.]Faculty of Electronics and Information Technology,Faculty of Electronics and Information Technology
Fizyka Techniczna [inż] [st]Faculty of Physics,Faculty of Physics
Fotonika [inż] [st]Faculty of Physics,Faculty of Physics
Fizyka Techniczna [mgr] [st]Faculty of Physics,Faculty of Physics
Geodezja i Kartografia [inż] [st]Faculty of Geodesy and Cartography,Faculty of Geodesy and Cartography
Geoinformatyka [inż] [st]Faculty of Geodesy and Cartography,Faculty of Geodesy and Cartography
Gospodarka Przestrzenna [inż] [st]Faculty of Geodesy and Cartography,Faculty of Geodesy and Cartography
Geodezja i Kartografia [inż] [nst]Faculty of Geodesy and Cartography,Faculty of Geodesy and Cartography
Geodezja i Kartografia [mgr] [st]Faculty of Geodesy and Cartography,Faculty of Geodesy and Cartography
Gospodarka Przestrzenna [mgr] [st]Faculty of Geodesy and Cartography,Faculty of Geodesy and Cartography
Geodezja i Kartografia [mgr] [nst]Faculty of Geodesy and Cartography,Faculty of Geodesy and Cartography
Gospodarka Przestrzenna [mgr] [nst]Faculty of Geodesy and Cartography,Faculty of Geodesy and Cartography
"Biogospodarka [inż] [st]Faculty of Building Services, Hydro and Environmental Engineering","Faculty of Building Services, Hydro and Environmental Engineering"
"Inżynieria Środowiska [inż] [st]Faculty of Building Services, Hydro and Environmental Engineering","Faculty of Building Services, Hydro and Environmental Engineering"
"Ochrona Środowiska [inż] [st]Faculty of Building Services, Hydro and Environmental Engineering","Faculty of Building Services, Hydro and Environmental Engineering"
"Inżynieria Środowiska [inż] [nst]Faculty of Building Services, Hydro and Environmental Engineering","Faculty of Building Services, Hydro and Environmental Engineering"
"Biogospodarka [mgr] [st]Faculty of Building Services, Hydro and Environmental Engineering","Faculty of Building Services, Hydro and Environmental Engineering"
"Inżynieria Środowiska [mgr] [st]Faculty of Building Services, Hydro and Environmental Engineering","Faculty of Building Services, Hydro and Environmental Engineering"
"Ochrona Środowiska [mgr] [st]Faculty of Building Services, Hydro and Environmental Engineering","Faculty of Building Services, Hydro and Environmental Engineering"
"Inżynieria Środowiska [mgr] [nst]Faculty of Building Services, Hydro and Environmental Engineering","Faculty of Building Services, Hydro and Environmental Engineering"
Inzynieria Chemiczna i Procesowa [inż] [st]Faculty of Chemical and Process Engineering,Faculty of Chemical and Process Engineering
Inzynieria Chemiczna i Procesowa [mgr] [st]Faculty of Chemical and Process Engineering,Faculty of Chemical and Process Engineering
Budownictwo [inż] [st]Faculty of Civil Engineering,Faculty of Civil Engineering
Budownictwo [inż] [nst]Faculty of Civil Engineering,Faculty of Civil Engineering
Budowa i Eksploatacja Infrastruktury Transportu Szynowego [mgr] [st]Faculty of Civil Engineering,Faculty of Civil Engineering
Budownictwo [mgr] [st]Faculty of Civil Engineering,Faculty of Civil Engineering
Budownictwo [mgr] [nst]Faculty of Civil Engineering,Faculty of Civil Engineering
Inżynieria Materiałowa [inż] [st]Faculty of Materials Science and Engineering,Faculty of Materials Science and Engineering
Inżynieria Materiałowa [mgr] [st]Faculty of Materials Science and Engineering,Faculty of Materials Science and Engineering
Matematyka [lic] [st]Faculty of Mathematics and Information Science,Faculty of Mathematics and Information Science
Matematyka i Analiza Danych [lic] [st]Faculty of Mathematics and Information Science,Faculty of Mathematics and Information Science
Informatyka i Systemy Informacyjne [inż] [st]Faculty of Mathematics and Information Science,Faculty of Mathematics and Information Science
Inżynieria i Analiza Danych [inż] [st]Faculty of Mathematics and Information Science,Faculty of Mathematics and Information Science
Informatyka i Systemy Informacyjne [mgr] [st]Faculty of Mathematics and Information Science,Faculty of Mathematics and Information Science
Matematyka [mgr] [st]Faculty of Mathematics and Information Science,Faculty of Mathematics and Information Science
Automatyka i Robotyka [inż] [st]Faculty of Power and Aeronautical Engineering,Faculty of Power and Aeronautical Engineering
Energetyka [inż] [st]Faculty of Power and Aeronautical Engineering,Faculty of Power and Aeronautical Engineering
Lotnictwo i Kosmonautyka [inż] [st]Faculty of Power and Aeronautical Engineering,Faculty of Power and Aeronautical Engineering
Mechanika i Projektowanie Maszyn [inż] [st]Faculty of Power and Aeronautical Engineering,Faculty of Power and Aeronautical Engineering
Mechanika i Projektowanie Maszyn [inż] [nst]Faculty of Power and Aeronautical Engineering,Faculty of Power and Aeronautical Engineering
Automatyka i Robotyka [mgr] [st]Faculty of Power and Aeronautical Engineering,Faculty of Power and Aeronautical Engineering
Energetyka [mgr] [st]Faculty of Power and Aeronautical Engineering,Faculty of Power and Aeronautical Engineering
Lotnictwo i Kosmonautyka [mgr] [st]Faculty of Power and Aeronautical Engineering,Faculty of Power and Aeronautical Engineering
Mechanika i Projektowanie Maszyn [mgr] [st]Faculty of Power and Aeronautical Engineering,Faculty of Power and Aeronautical Engineering
Mechanika i Projektowanie Maszyn [mgr] [nst]Faculty of Power and Aeronautical Engineering,Faculty of Power and Aeronautical Engineering
Automatyka Robotyka i Informatyka Przemysłowa [inż] [st]Faculty of Mechatronics,Faculty of Mechatronics
Inżynieria Biomedyczna [inż] [st]Faculty of Mechatronics,Faculty of Mechatronics
Mechatronika [inż] [st]Faculty of Mechatronics,Faculty of Mechatronics
Automatyka Robotyka i Informatyka Przemysłowa [inż] [nst]Faculty of Mechatronics,Faculty of Mechatronics
Mechatronika [inż] [nst]Faculty of Mechatronics,Faculty of Mechatronics
Automatyka Robotyka i Informatyka Przemysłowa [mgr] [st]Faculty of Mechatronics,Faculty of Mechatronics
Inżynieria Biomedyczna [mgr] [st]Faculty of Mechatronics,Faculty of Mechatronics
Mechatronika [mgr] [st]Faculty of Mechatronics,Faculty of Mechatronics
Inżynieria Pojazdów Elektrycznych i Hybrydowych [inż] [st]Faculty of Automotive and Construction Machinery Engineering,Faculty of Automotive and Construction Machinery Engineering
Mechanika Pojazdów i Maszyn Roboczych [inż] [st]Faculty of Automotive and Construction Machinery Engineering,Faculty of Automotive and Construction Machinery Engineering
Mechatronika Pojazdów i Maszyn Roboczych [inż] [st]Faculty of Automotive and Construction Machinery Engineering,Faculty of Automotive and Construction Machinery Engineering
Mechanika Pojazdów i Maszyn Roboczych [inż] [nst]Faculty of Automotive and Construction Machinery Engineering,Faculty of Automotive and Construction Machinery Engineering
Mechatronika Pojazdów i Maszyn Roboczych [inż] [nst]Faculty of Automotive and Construction Machinery Engineering,Faculty of Automotive and Construction Machinery Engineering
Inżynieria Pojazdów Elektrycznych i Hybrydowych [mgr] [st]Faculty of Automotive and Construction Machinery Engineering,Faculty of Automotive and Construction Machinery Engineering
Mechanika Pojazdów i Maszyn Roboczych [mgr] [st]Faculty of Automotive and Construction Machinery Engineering,Faculty of Automotive and Construction Machinery Engineering
Mechatronika Pojazdów i Maszyn Roboczych [mgr] [st]Faculty of Automotive and Construction Machinery Engineering,Faculty of Automotive and Construction Machinery Engineering
Mechanika Pojazdów i Maszyn Roboczych [mgr] [nst]Faculty of Automotive and Construction Machinery Engineering,Faculty of Automotive and Construction Machinery Engineering
Mechatronika Pojazdów i Maszyn Roboczych [mgr] [nst]Faculty of Automotive and Construction Machinery Engineering,Faculty of Automotive and Construction Machinery Engineering
Transport [inż] [st]Faculty of Transport,Faculty of Transport
Transport [inż] [nst-zaocz.]Faculty of Transport,Faculty of Transport
Transport [mgr] [st]Faculty of Transport,Faculty of Transport
Transport [mgr] [nst-zaocz.]Faculty of Transport,Faculty of Transport
Zarządzanie [lic] [st]Faculty of Management,Faculty of Management
Zarządzanie [lic] [nst-zaocz.]Faculty of Management,Faculty of Management
Inżynieria Zarządzania [inż] [st]Faculty of Management,Faculty of Management
Zarządzanie Bezpieczeństwem Infrastruktury Krytycznej [inż] [st]Faculty of Management,Faculty of Management
Inżynieria Zarządzania [inż] [nst-zaocz.]Faculty of Management,Faculty of Management
Zarządzanie Bezpieczeństwem Infrastruktury Krytycznej [inż] [nst-zaocz.]Faculty of Management,Faculty of Management
Inżynieria Zarządzania [mgr] [st]Faculty of Management,Faculty of Management
Zarządzanie [mgr] [st]Faculty of Management,Faculty of Management
Zarządzanie Bezpieczeństwem Infrastruktury Krytycznej [mgr] [st]Faculty of Management,Faculty of Management
Inżynieria Zarządzania [mgr] [nst-zaocz.]Faculty of Management,Faculty of Management
Zarządzanie [mgr] [nst-zaocz.]Faculty of Management,Faculty of Management
Zarządzanie Bezpieczeństwem Infrastruktury Krytycznej [mgr] [nst-zaocz.]Faculty of Management,Faculty of Management
Ekonomia [lic] [st]Kolegium Nauk Ekonomicznych i Społecznych w Płocku,Kolegium Nauk Ekonomicznych i Społecznych w Płocku
Ekonomia [lic] [nst]Kolegium Nauk Ekonomicznych i Społecznych w Płocku,Kolegium Nauk Ekonomicznych i Społecznych w Płocku
Ekonomia [mgr] [st]Kolegium Nauk Ekonomicznych i Społecznych w Płocku,Kolegium Nauk Ekonomicznych i Społecznych w Płocku
Ekonomia [mgr] [nst-zaocz.]Kolegium Nauk Ekonomicznych i Społecznych w Płocku,Kolegium Nauk Ekonomicznych i Społecznych w Płocku
Administracja [lic] [st]Wydział Administracji i Nauk Społecznych,Wydział Administracji i Nauk Społecznych
Administracja [lic] [nst]Wydział Administracji i Nauk Społecznych,Wydział Administracji i Nauk Społecznych
Administracja [mgr] [st]Wydział Administracji i Nauk Społecznych,Wydział Administracji i Nauk Społecznych
Administracja [mgr] [nst]Wydział Administracji i Nauk Społecznych,Wydział Administracji i Nauk Społecznych
Architektura [mgr] [st]Wydział Architektury,Wydział Architektury
"Budownictwo [inż] [st]Wydział Budownictwa, Mechaniki i Petrochemii w Płocku","Wydział Budownictwa, Mechaniki i Petrochemii w Płocku"
"Inżynieria Środowiska [inż] [st]Wydział Budownictwa, Mechaniki i Petrochemii w Płocku","Wydział Budownictwa, Mechaniki i Petrochemii w Płocku"
"Mechanika i Budowa Maszyn [inż] [st]Wydział Budownictwa, Mechaniki i Petrochemii w Płocku","Wydział Budownictwa, Mechaniki i Petrochemii w Płocku"
"Technologia Chemiczna [inż] [st]Wydział Budownictwa, Mechaniki i Petrochemii w Płocku","Wydział Budownictwa, Mechaniki i Petrochemii w Płocku"
"Budownictwo [inż] [nst-zaocz.]Wydział Budownictwa, Mechaniki i Petrochemii w Płocku","Wydział Budownictwa, Mechaniki i Petrochemii w Płocku"
"Inżynieria Środowiska [inż] [nst-zaocz.]Wydział Budownictwa, Mechaniki i Petrochemii w Płocku","Wydział Budownictwa, Mechaniki i Petrochemii w Płocku"
"Mechanika i Budowa Maszyn [inż] [nst-zaocz.]Wydział Budownictwa, Mechaniki i Petrochemii w Płocku","Wydział Budownictwa, Mechaniki i Petrochemii w Płocku"
"Technologia Chemiczna [inż] [nst-zaocz.]Wydział Budownictwa, Mechaniki i Petrochemii w Płocku","Wydział Budownictwa, Mechaniki i Petrochemii w Płocku"
"Budownictwo [mgr] [st]Wydział Budownictwa, Mechaniki i Petrochemii w Płocku","Wydział Budownictwa, Mechaniki i Petrochemii w Płocku"
"Mechanika i Budowa Maszyn [mgr] [st]Wydział Budownictwa, Mechaniki i Petrochemii w Płocku","Wydział Budownictwa, Mechaniki i Petrochemii w Płocku"
"Technologia Chemiczna [mgr] [st]Wydział Budownictwa, Mechaniki i Petrochemii w Płocku","Wydział Budownictwa, Mechaniki i Petrochemii w Płocku"
"Budownictwo [mgr] [nst-zaocz.]Wydział Budownictwa, Mechaniki i Petrochemii w Płocku","Wydział Budownictwa, Mechaniki i Petrochemii w Płocku"
"Mechanika i Budowa Maszyn [mgr] [nst-zaocz.]Wydział Budownictwa, Mechaniki i Petrochemii w Płocku","Wydział Budownictwa, Mechaniki i Petrochemii w Płocku"
"Technologia Chemiczna [mgr] [nst-zaocz.]Wydział Budownictwa, Mechaniki i Petrochemii w Płocku","Wydział Budownictwa, Mechaniki i Petrochemii w Płocku"
Biotechnologia [inż] [st]Wydział Chemiczny,Wydział Chemiczny
Technologia Chemiczna [inż] [st]Wydział Chemiczny,Wydział Chemiczny
Technologia Chemiczna - profil praktyczny [inż] [st]Wydział Chemiczny,Wydział Chemiczny
Biotechnologia [mgr] [st]Wydział Chemiczny,Wydział Chemiczny
Technologia Chemiczna [mgr] [st]Wydział Chemiczny,Wydział Chemiczny
Elektronika i Telekomunikacja [inż] [nst-zaocz.]Wydział Elektroniki i Technik Informacyjnych,Wydział Elektroniki i Technik Informacyjnych
Informatyka [mgr] [nst-zaocz.]Wydział Elektroniki i Technik Informacyjnych,Wydział Elektroniki i Technik Informacyjnych
Fizyka Techniczna [inż] [st]Wydział Fizyki,Wydział Fizyki
Fotonika [inż] [st]Wydział Fizyki,Wydział Fizyki
Fizyka Techniczna [mgr] [st]Wydział Fizyki,Wydział Fizyki
Geodezja i Kartografia [inż] [st]Wydział Geodezji i Kartografii,Wydział Geodezji i Kartografii
Geoinformatyka [inż] [st]Wydział Geodezji i Kartografii,Wydział Geodezji i Kartografii
Gospodarka Przestrzenna [inż] [st]Wydział Geodezji i Kartografii,Wydział Geodezji i Kartografii
Geodezja i Kartografia [inż] [nst]Wydział Geodezji i Kartografii,Wydział Geodezji i Kartografii
Geodezja i Kartografia [mgr] [st]Wydział Geodezji i Kartografii,Wydział Geodezji i Kartografii
Gospodarka Przestrzenna [mgr] [st]Wydział Geodezji i Kartografii,Wydział Geodezji i Kartografii
Geodezja i Kartografia [mgr] [nst]Wydział Geodezji i Kartografii,Wydział Geodezji i Kartografii
Gospodarka Przestrzenna [mgr] [nst]Wydział Geodezji i Kartografii,Wydział Geodezji i Kartografii
"Biogospodarka [inż] [st]Wydział Instalacji Budowlanych, Hydrotechniki i Inżynierii Środowiska","Wydział Instalacji Budowlanych, Hydrotechniki i Inżynierii Środowiska"
"Inżynieria Środowiska [inż] [st]Wydział Instalacji Budowlanych, Hydrotechniki i Inżynierii Środowiska","Wydział Instalacji Budowlanych, Hydrotechniki i Inżynierii Środowiska"
"Ochrona Środowiska [inż] [st]Wydział Instalacji Budowlanych, Hydrotechniki i Inżynierii Środowiska","Wydział Instalacji Budowlanych, Hydrotechniki i Inżynierii Środowiska"
"Inżynieria Środowiska [inż] [nst]Wydział Instalacji Budowlanych, Hydrotechniki i Inżynierii Środowiska","Wydział Instalacji Budowlanych, Hydrotechniki i Inżynierii Środowiska"
"Biogospodarka [mgr] [st]Wydział Instalacji Budowlanych, Hydrotechniki i Inżynierii Środowiska","Wydział Instalacji Budowlanych, Hydrotechniki i Inżynierii Środowiska"
"Inżynieria Środowiska [mgr] [st]Wydział Instalacji Budowlanych, Hydrotechniki i Inżynierii Środowiska","Wydział Instalacji Budowlanych, Hydrotechniki i Inżynierii Środowiska"
"Ochrona Środowiska [mgr] [st]Wydział Instalacji Budowlanych, Hydrotechniki i Inżynierii Środowiska","Wydział Instalacji Budowlanych, Hydrotechniki i Inżynierii Środowiska"
"Inżynieria Środowiska [mgr] [nst]Wydział Instalacji Budowlanych, Hydrotechniki i Inżynierii Środowiska","Wydział Instalacji Budowlanych, Hydrotechniki i Inżynierii Środowiska"
Inzynieria Chemiczna i Procesowa [inż] [st]Wydział Inżynierii Chemicznej i Procesowej,Wydział Inżynierii Chemicznej i Procesowej
Inzynieria Chemiczna i Procesowa [mgr] [st]Wydział Inżynierii Chemicznej i Procesowej,Wydział Inżynierii Chemicznej i Procesowej
Budownictwo [inż] [st]Wydział Inżynierii Lądowej,Wydział Inżynierii Lądowej
Budownictwo [inż] [nst]Wydział Inżynierii Lądowej,Wydział Inżynierii Lądowej
Budowa i Eksploatacja Infrastruktury Transportu Szynowego [mgr] [st]Wydział Inżynierii Lądowej,Wydział Inżynierii Lądowej
Budownictwo [mgr] [st]Wydział Inżynierii Lądowej,Wydział Inżynierii Lądowej
Budownictwo [mgr] [nst]Wydział Inżynierii Lądowej,Wydział Inżynierii Lądowej
Inżynieria Materiałowa [inż] [st]Wydział Inżynierii Materiałowej,Wydział Inżynierii Materiałowej
Inżynieria Materiałowa [mgr] [st]Wydział Inżynierii Materiałowej,Wydział Inżynierii Materiałowej
Matematyka [lic] [st]Wydział Matematyki i Nauk Informacyjnych,Wydział Matematyki i Nauk Informacyjnych
Matematyka i Analiza Danych [lic] [st]Wydział Matematyki i Nauk Informacyjnych,Wydział Matematyki i Nauk Informacyjnych
Informatyka i Systemy Informacyjne [inż] [st]Wydział Matematyki i Nauk Informacyjnych,Wydział Matematyki i Nauk Informacyjnych
Inżynieria i Analiza Danych [inż] [st]Wydział Matematyki i Nauk Informacyjnych,Wydział Matematyki i Nauk Informacyjnych
Informatyka i Systemy Informacyjne [mgr] [st]Wydział Matematyki i Nauk Informacyjnych,Wydział Matematyki i Nauk Informacyjnych
Matematyka [mgr] [st]Wydział Matematyki i Nauk Informacyjnych,Wydział Matematyki i Nauk Informacyjnych
Automatyka i Robotyka [inż] [st]Wydział Mechaniczny Energetyki i Lotnictwa,Wydział Mechaniczny Energetyki i Lotnictwa
Energetyka [inż] [st]Wydział Mechaniczny Energetyki i Lotnictwa,Wydział Mechaniczny Energetyki i Lotnictwa
Lotnictwo i Kosmonautyka [inż] [st]Wydział Mechaniczny Energetyki i Lotnictwa,Wydział Mechaniczny Energetyki i Lotnictwa
Mechanika i Projektowanie Maszyn [inż] [st]Wydział Mechaniczny Energetyki i Lotnictwa,Wydział Mechaniczny Energetyki i Lotnictwa
Mechanika i Projektowanie Maszyn [inż] [nst]Wydział Mechaniczny Energetyki i Lotnictwa,Wydział Mechaniczny Energetyki i Lotnictwa
Automatyka i Robotyka [mgr] [st]Wydział Mechaniczny Energetyki i Lotnictwa,Wydział Mechaniczny Energetyki i Lotnictwa
Energetyka [mgr] [st]Wydział Mechaniczny Energetyki i Lotnictwa,Wydział Mechaniczny Energetyki i Lotnictwa
Lotnictwo i Kosmonautyka [mgr] [st]Wydział Mechaniczny Energetyki i Lotnictwa,Wydział Mechaniczny Energetyki i Lotnictwa
Mechanika i Projektowanie Maszyn [mgr] [st]Wydział Mechaniczny Energetyki i Lotnictwa,Wydział Mechaniczny Energetyki i Lotnictwa
Mechanika i Projektowanie Maszyn [mgr] [nst]Wydział Mechaniczny Energetyki i Lotnictwa,Wydział Mechaniczny Energetyki i Lotnictwa
Automatyka Robotyka i Informatyka Przemysłowa [inż] [st]Wydział Mechatroniki,Wydział Mechatroniki
Inżynieria Biomedyczna [inż] [st]Wydział Mechatroniki,Wydział Mechatroniki
Mechatronika [inż] [st]Wydział Mechatroniki,Wydział Mechatroniki
Automatyka Robotyka i Informatyka Przemysłowa [inż] [nst]Wydział Mechatroniki,Wydział Mechatroniki
Mechatronika [inż] [nst]Wydział Mechatroniki,Wydział Mechatroniki
Automatyka Robotyka i Informatyka Przemysłowa [mgr] [st]Wydział Mechatroniki,Wydział Mechatroniki
Inżynieria Biomedyczna [mgr] [st]Wydział Mechatroniki,Wydział Mechatroniki
Mechatronika [mgr] [st]Wydział Mechatroniki,Wydział Mechatroniki
Inżynieria Pojazdów Elektrycznych i Hybrydowych [inż] [st]Wydział Samochodów i Maszyn Roboczych,Wydział Samochodów i Maszyn Roboczych
Mechanika Pojazdów i Maszyn Roboczych [inż] [st]Wydział Samochodów i Maszyn Roboczych,Wydział Samochodów i Maszyn Roboczych
Mechatronika Pojazdów i Maszyn Roboczych [inż] [st]Wydział Samochodów i Maszyn Roboczych,Wydział Samochodów i Maszyn Roboczych
Mechanika Pojazdów i Maszyn Roboczych [inż] [nst]Wydział Samochodów i Maszyn Roboczych,Wydział Samochodów i Maszyn Roboczych
Mechatronika Pojazdów i Maszyn Roboczych [inż] [nst]Wydział Samochodów i Maszyn Roboczych,Wydział Samochodów i Maszyn Roboczych
Inżynieria Pojazdów Elektrycznych i Hybrydowych [mgr] [st]Wydział Samochodów i Maszyn Roboczych,Wydział Samochodów i Maszyn Roboczych
Mechanika Pojazdów i Maszyn Roboczych [mgr] [st]Wydział Samochodów i Maszyn Roboczych,Wydział Samochodów i Maszyn Roboczych
Mechatronika Pojazdów i Maszyn Roboczych [mgr] [st]Wydział Samochodów i Maszyn Roboczych,Wydział Samochodów i Maszyn Roboczych
Mechanika Pojazdów i Maszyn Roboczych [mgr] [nst]Wydział Samochodów i Maszyn Roboczych,Wydział Samochodów i Maszyn Roboczych
Mechatronika Pojazdów i Maszyn Roboczych [mgr] [nst]Wydział Samochodów i Maszyn Roboczych,Wydział Samochodów i Maszyn Roboczych
Transport [inż] [st]Wydział Transportu,Wydział Transportu
Transport [inż] [nst-zaocz.]Wydział Transportu,Wydział Transportu
Transport [mgr] [st]Wydział Transportu,Wydział Transportu
Transport [mgr] [nst-zaocz.]Wydział Transportu,Wydział Transportu
Zarządzanie [lic] [st]Wydział Zarządzania,Wydział Zarządzania
Zarządzanie [lic] [nst-zaocz.]Wydział Zarządzania,Wydział Zarządzania
Inżynieria Zarządzania [inż] [st]Wydział Zarządzania,Wydział Zarządzania
Zarządzanie Bezpieczeństwem Infrastruktury Krytycznej [inż] [st]Wydział Zarządzania,Wydział Zarządzania
Inżynieria Zarządzania [inż] [nst-zaocz.]Wydział Zarządzania,Wydział Zarządzania
Zarządzanie Bezpieczeństwem Infrastruktury Krytycznej [inż] [nst-zaocz.]Wydział Zarządzania,Wydział Zarządzania
Inżynieria Zarządzania [mgr] [st]Wydział Zarządzania,Wydział Zarządzania
Zarządzanie [mgr] [st]Wydział Zarządzania,Wydział Zarządzania
Zarządzanie Bezpieczeństwem Infrastruktury Krytycznej [mgr] [st]Wydział Zarządzania,Wydział Zarządzania
Inżynieria Zarządzania [mgr] [nst-zaocz.]Wydział Zarządzania,Wydział Zarządzania
Zarządzanie [mgr] [nst-zaocz.]Wydział Zarządzania,Wydział Zarządzania
Zarządzanie Bezpieczeństwem Infrastruktury Krytycznej [mgr] [nst-zaocz.]Wydział Zarządzania,Wydział Zarządzania
